{
  "n1000": {
    "ranks": [
      3,
      10,
      40,
      80
    ],
    "fracs": [
      0.05,
      0.15,
      0.3,
      0.4
    ],
    "data": {
      "r3_f0.05": {
        "rmse": 0.6398633983763934,
        "time": 75.9517171382904,
        "tau": 271.7605829422951,
        "iters": 300,
        "sigma": 0.02526078153574228
      },
      "r3_f0.15": {
        "rmse": 0.19589276900270827,
        "time": 101.14766693115234,
        "tau": 270.6069945031846,
        "iters": 300,
        "sigma": 0.02523493482086184
      },
      "r3_f0.3": {
        "rmse": 0.018052303904000686,
        "time": 86.56211400032043,
        "tau": 269.1048900685133,
        "iters": 300,
        "sigma": 0.025007111724102568
      },
      "r3_f0.4": {
        "rmse": 0.01356737869323728,
        "time": 83.20191693305969,
        "tau": 278.71343474006665,
        "iters": 300,
        "sigma": 0.025737196031112426
      },
      "r10_f0.05": {
        "rmse": 0.7675629172974866,
        "time": 91.45235919952393,
        "tau": 501.71445715479393,
        "iters": 277,
        "sigma": 0.04952046190346836
      },
      "r10_f0.15": {
        "rmse": 0.26735377491956114,
        "time": 98.21634793281555,
        "tau": 499.2869202549938,
        "iters": 300,
        "sigma": 0.049033607665584775
      },
      "r10_f0.3": {
        "rmse": 0.02170569614682768,
        "time": 89.21534061431885,
        "tau": 498.2032340419176,
        "iters": 300,
        "sigma": 0.04913466394441551
      },
      "r10_f0.4": {
        "rmse": 0.0157223726104204,
        "time": 89.13613200187683,
        "tau": 491.507403059038,
        "iters": 300,
        "sigma": 0.0483216048228936
      },
      "r40_f0.05": {
        "rmse": 0.9335178614008198,
        "time": 55.90862965583801,
        "tau": 1004.9202424359447,
        "iters": 175,
        "sigma": 0.10049953385737427
      },
      "r40_f0.15": {
        "rmse": 0.6129001141868683,
        "time": 74.30233025550842,
        "tau": 996.7570004777684,
        "iters": 205,
        "sigma": 0.10005809525252668
      },
      "r40_f0.3": {
        "rmse": 0.10701446085541187,
        "time": 115.65075874328613,
        "tau": 1004.2879333474139,
        "iters": 300,
        "sigma": 0.10069219570245042
      },
      "r40_f0.4": {
        "rmse": 0.025685015797500186,
        "time": 67.86040496826172,
        "tau": 997.5246566282296,
        "iters": 300,
        "sigma": 0.10006486181579069
      },
      "r80_f0.05": {
        "rmse": 0.9723319547396608,
        "time": 5.66360068321228,
        "tau": 28.186861022396666,
        "iters": 13,
        "sigma": 0.14165822042389276
      },
      "r80_f0.15": {
        "rmse": 0.7750767935137034,
        "time": 41.2637038230896,
        "tau": 1417.0974387871852,
        "iters": 154,
        "sigma": 0.14263405456625225
      },
      "r80_f0.3": {
        "rmse": 0.3925298815484613,
        "time": 85.03773474693298,
        "tau": 1417.0316044788096,
        "iters": 277,
        "sigma": 0.14239336910986222
      },
      "r80_f0.4": {
        "rmse": 0.1225935331521173,
        "time": 92.95310091972351,
        "tau": 1418.4494255019904,
        "iters": 300,
        "sigma": 0.14267663848404138
      }
    }
  },
  "n3000": {
    "ranks": [
      3,
      10,
      40,
      80
    ],
    "fracs": [
      0.02,
      0.05,
      0.1,
      0.2
    ],
    "data": {
      "r3_f0.02": {
        "rmse": 0.6728686428404423,
        "time": 30.398651123046875,
        "tau": 474.03418201385284,
        "iters": 300,
        "sigma": 0.02552131580229706
      },
      "r3_f0.05": {
        "rmse": 0.4212679333818695,
        "time": 41.01476502418518,
        "tau": 485.9381037688862,
        "iters": 300,
        "sigma": 0.026053215690319913
      },
      "r3_f0.1": {
        "rmse": 0.2077908688055253,
        "time": 59.98218512535095,
        "tau": 472.6807822842446,
        "iters": 300,
        "sigma": 0.025432631069928137
      },
      "r3_f0.2": {
        "rmse": 0.05314033212485498,
        "time": 95.08814311027527,
        "tau": 472.10544439018133,
        "iters": 300,
        "sigma": 0.025237931879140564
      },
      "r10_f0.02": {
        "rmse": 0.7342433663777219,
        "time": 34.91947102546692,
        "tau": 855.0454017612203,
        "iters": 300,
        "sigma": 0.04861761895007706
      },
      "r10_f0.05": {
        "rmse": 0.4398789208843201,
        "time": 46.617743730545044,
        "tau": 873.545559812537,
        "iters": 300,
        "sigma": 0.0496922802538393
      },
      "r10_f0.1": {
        "rmse": 0.1978609712240405,
        "time": 69.06358003616333,
        "tau": 859.6105976597805,
        "iters": 300,
        "sigma": 0.04885563127707734
      },
      "r10_f0.2": {
        "rmse": 0.05238746755635499,
        "time": 111.24737095832825,
        "tau": 861.2195514928947,
        "iters": 300,
        "sigma": 0.04888392091119972
      },
      "r40_f0.02": {
        "rmse": 1.0231298206336747,
        "time": 48.51336884498596,
        "tau": 1741.5083897881689,
        "iters": 300,
        "sigma": 0.10074305224203217
      },
      "r40_f0.05": {
        "rmse": 0.7393901194502116,
        "time": 69.82491421699524,
        "tau": 1734.9690946492337,
        "iters": 300,
        "sigma": 0.10043596158323567
      },
      "r40_f0.1": {
        "rmse": 0.35045154310416365,
        "time": 104.54093503952026,
        "tau": 1732.3410471084567,
        "iters": 300,
        "sigma": 0.10023646587244697
      },
      "r40_f0.2": {
        "rmse": 0.08730473567553032,
        "time": 176.47079992294312,
        "tau": 1720.9591784696768,
        "iters": 300,
        "sigma": 0.0996495518843641
      },
      "r80_f0.02": {
        "rmse": 1.0374389169884728,
        "time": 70.34908890724182,
        "tau": 2455.3469464571795,
        "iters": 300,
        "sigma": 0.1426189335998132
      },
      "r80_f0.05": {
        "rmse": 0.9871388732020665,
        "time": 100.31010794639587,
        "tau": 2445.5671019195033,
        "iters": 300,
        "sigma": 0.1420543347294647
      },
      "r80_f0.1": {
        "rmse": 0.6765002856882648,
        "time": 149.87100887298584,
        "tau": 2448.126124152743,
        "iters": 300,
        "sigma": 0.14220144207155894
      },
      "r80_f0.2": {
        "rmse": 0.17816970875567475,
        "time": 257.70334219932556,
        "tau": 2449.8933668831664,
        "iters": 300,
        "sigma": 0.14232319962605405
      }
    }
  }
}