{
  "n1000": {
    "ranks": [
      3,
      10,
      40,
      80
    ],
    "fracs": [
      0.05,
      0.15,
      0.3,
      0.4
    ],
    "data": {
      "r3_f0.05": {
        "rmse": 0.27720017034288813,
        "time": 3.0858798027038574,
        "lam": 50.0,
        "iters": 200,
        "sigma": 0.02526078153574228
      },
      "r3_f0.15": {
        "rmse": 0.04342942154349499,
        "time": 3.156949996948242,
        "lam": 50.0,
        "iters": 200,
        "sigma": 0.02523493482086184
      },
      "r3_f0.3": {
        "rmse": 0.050492658059496376,
        "time": 3.514078140258789,
        "lam": 50.0,
        "iters": 200,
        "sigma": 0.025007111724102568
      },
      "r3_f0.4": {
        "rmse": 0.05382275551012186,
        "time": 3.5357840061187744,
        "lam": 50.0,
        "iters": 200,
        "sigma": 0.025737196031112426
      },
      "r10_f0.05": {
        "rmse": 0.43202691154008793,
        "time": 4.484167098999023,
        "lam": 50.0,
        "iters": 200,
        "sigma": 0.04952046190346836
      },
      "r10_f0.15": {
        "rmse": 0.04588855872413769,
        "time": 4.965653896331787,
        "lam": 50.0,
        "iters": 200,
        "sigma": 0.049033607665584775
      },
      "r10_f0.3": {
        "rmse": 0.05319755186154555,
        "time": 5.795896053314209,
        "lam": 50.0,
        "iters": 200,
        "sigma": 0.04913466394441551
      },
      "r10_f0.4": {
        "rmse": 0.056875934494056375,
        "time": 4.647427797317505,
        "lam": 50.0,
        "iters": 200,
        "sigma": 0.0483216048228936
      },
      "r40_f0.05": {
        "rmse": 0.9563834766605005,
        "time": 5.734803915023804,
        "lam": 50.0,
        "iters": 88,
        "sigma": 0.10049953385737427
      },
      "r40_f0.15": {
        "rmse": 0.05377465202808104,
        "time": 10.224226951599121,
        "lam": 50.0,
        "iters": 200,
        "sigma": 0.10005809525252668
      },
      "r40_f0.3": {
        "rmse": 0.053166143209983974,
        "time": 12.146317958831787,
        "lam": 50.0,
        "iters": 200,
        "sigma": 0.10069219570245042
      },
      "r40_f0.4": {
        "rmse": 0.05628471199544228,
        "time": 10.976285934448242,
        "lam": 50.0,
        "iters": 200,
        "sigma": 0.10006486181579069
      },
      "r80_f0.05": {
        "rmse": 1.0008151283258715,
        "time": 3.171226739883423,
        "lam": 10.0,
        "iters": 64,
        "sigma": 0.14165822042389276
      },
      "r80_f0.15": {
        "rmse": 0.6816151954556846,
        "time": 8.930844068527222,
        "lam": 50.0,
        "iters": 147,
        "sigma": 0.14263405456625225
      },
      "r80_f0.3": {
        "rmse": 0.05224861501931278,
        "time": 10.869750738143921,
        "lam": 50.0,
        "iters": 200,
        "sigma": 0.14239336910986222
      },
      "r80_f0.4": {
        "rmse": 0.05459094726734414,
        "time": 10.846086978912354,
        "lam": 50.0,
        "iters": 200,
        "sigma": 0.14267663848404138
      }
    }
  },
  "n3000": {
    "ranks": [
      3,
      10,
      40,
      80
    ],
    "fracs": [
      0.02,
      0.05,
      0.1,
      0.2
    ],
    "data": {
      "r3_f0.02": {
        "rmse": 0.3657016883053821,
        "time": 27.799516916275024,
        "lam": 50.0,
        "iters": 200,
        "sigma": 0.02552131580229706
      },
      "r3_f0.05": {
        "rmse": 0.1387907422665447,
        "time": 30.137731790542603,
        "lam": 50.0,
        "iters": 200,
        "sigma": 0.026053215690319913
      },
      "r3_f0.1": {
        "rmse": 0.05835436257670723,
        "time": 31.397886991500854,
        "lam": 50.0,
        "iters": 200,
        "sigma": 0.025432631069928137
      },
      "r3_f0.2": {
        "rmse": 0.0643251605989619,
        "time": 38.10279297828674,
        "lam": 50.0,
        "iters": 200,
        "sigma": 0.025237931879140564
      },
      "r10_f0.02": {
        "rmse": 0.40130229240327203,
        "time": 27.97036099433899,
        "lam": 50.0,
        "iters": 200,
        "sigma": 0.04861761895007706
      },
      "r10_f0.05": {
        "rmse": 0.08830195372751452,
        "time": 33.25986194610596,
        "lam": 50.0,
        "iters": 200,
        "sigma": 0.0496922802538393
      },
      "r10_f0.1": {
        "rmse": 0.05989656753417475,
        "time": 35.12398290634155,
        "lam": 50.0,
        "iters": 200,
        "sigma": 0.04885563127707734
      },
      "r10_f0.2": {
        "rmse": 0.06748831302656429,
        "time": 39.12517023086548,
        "lam": 50.0,
        "iters": 200,
        "sigma": 0.04888392091119972
      },
      "r40_f0.02": {
        "rmse": 1.011664040236393,
        "time": 33.5408570766449,
        "lam": 50.0,
        "iters": 146,
        "sigma": 0.10074305224203217
      },
      "r40_f0.05": {
        "rmse": 0.10791954624523946,
        "time": 47.414034843444824,
        "lam": 50.0,
        "iters": 200,
        "sigma": 0.10043596158323567
      },
      "r40_f0.1": {
        "rmse": 0.06137702395998928,
        "time": 46.8411009311676,
        "lam": 50.0,
        "iters": 200,
        "sigma": 0.10023646587244697
      },
      "r40_f0.2": {
        "rmse": 0.06825089238625619,
        "time": 52.609363079071045,
        "lam": 50.0,
        "iters": 200,
        "sigma": 0.0996495518843641
      },
      "r80_f0.02": {
        "rmse": 1.0445962581255241,
        "time": 30.45400619506836,
        "lam": 50.0,
        "iters": 93,
        "sigma": 0.1426189335998132
      },
      "r80_f0.05": {
        "rmse": 0.8917738258170657,
        "time": 67.2035779953003,
        "lam": 50.0,
        "iters": 200,
        "sigma": 0.1420543347294647
      },
      "r80_f0.1": {
        "rmse": 0.06213872189522094,
        "time": 68.36086773872375,
        "lam": 50.0,
        "iters": 200,
        "sigma": 0.14220144207155894
      },
      "r80_f0.2": {
        "rmse": 0.06898774788375377,
        "time": 70.06554007530212,
        "lam": 50.0,
        "iters": 200,
        "sigma": 0.14232319962605405
      }
    }
  }
}